{
  "datasets": [
    {
      "name": "NYC Taxi",
      "T": 10320,
      "n": 6,
      "tau_emp": 6.0,
      "r_emp": 2.7693203883495148,
      "T_eff": 621.0910110783901,
      "proxy_accuracy": 0.8842398726066552,
      "classical": {
        "OnlineSGD": {
          "accuracy": {
            "mean": 0.6696511627906976,
            "ci95_half": 0.005694142172398672,
            "min": 0.645639534883721,
            "max": 0.6772286821705427
          },
          "balanced_accuracy": {
            "mean": 0.5347275039120762,
            "ci95_half": 0.003569295511454131,
            "min": 0.5259002174923701,
            "max": 0.5416953258939112
          },
          "f1": {
            "mean": 0.2726822310430379,
            "ci95_half": 0.006319389632469413,
            "min": 0.25461008664741164,
            "max": 0.2829787234042553
          },
          "mean": 0.6696511627906976,
          "ci95_half": 0.005694142172398672
        },
        "AveragedSGD": {
          "accuracy": {
            "mean": 0.6731007751937984,
            "ci95_half": 0.0036550086725109193,
            "min": 0.6583333333333333,
            "max": 0.6778100775193798
          },
          "balanced_accuracy": {
            "mean": 0.49764835458149215,
            "ci95_half": 0.011958273655098838,
            "min": 0.4698555281632821,
            "max": 0.5365517706636084
          },
          "f1": {
            "mean": 0.1986508493888594,
            "ci95_half": 0.024681175329055862,
            "min": 0.14231833039979883,
            "max": 0.2735930735930736
          },
          "mean": 0.6731007751937984,
          "ci95_half": 0.0036550086725109193
        },
        "CountMin": {
          "accuracy": {
            "mean": 0.8646996124031009,
            "ci95_half": 0.016084540502580808,
            "min": 0.8221899224806202,
            "max": 0.8875
          },
          "balanced_accuracy": {
            "mean": 0.7766233246267944,
            "ci95_half": 0.04168617149569558,
            "min": 0.6410239300269995,
            "max": 0.8348995326040569
          },
          "f1": {
            "mean": 0.643582424776777,
            "ci95_half": 0.06247206792939575,
            "min": 0.4327666151468315,
            "max": 0.7221565381886971
          },
          "mean": 0.8646996124031009,
          "ci95_half": 0.016084540502580808
        }
      },
      "base_rate": 0.2000968992248062,
      "majority_baseline": 0.7999031007751938,
      "majority_balanced_accuracy": 0.5,
      "majority_f1": 0.0,
      "threshold_sensitivity": {
        "q=0.70": {
          "threshold": 19068.3,
          "positive_rate": 0.3
        },
        "q=0.80": {
          "threshold": 20834.800000000003,
          "positive_rate": 0.2
        },
        "q=0.90": {
          "threshold": 23595.0,
          "positive_rate": 0.1000968992248062
        }
      }
    },
    {
      "name": "Machine Temperature",
      "T": 22695,
      "n": 6,
      "tau_emp": 32.0,
      "r_emp": 13.54734288864388,
      "T_eff": 52.35113304724174,
      "proxy_accuracy": 0.5,
      "classical": {
        "OnlineSGD": {
          "accuracy": {
            "mean": 0.7235999118748622,
            "ci95_half": 0.0013916894921154092,
            "min": 0.7176911213923772,
            "max": 0.7257105089226702
          },
          "balanced_accuracy": {
            "mean": 0.5501871215439248,
            "ci95_half": 0.018895513867977713,
            "min": 0.46353072599264533,
            "max": 0.562697470509089
          },
          "f1": {
            "mean": 0.2690916534592006,
            "ci95_half": 0.04698922204887283,
            "min": 0.05347909587826858,
            "max": 0.29795872335626483
          },
          "mean": 0.7235999118748622,
          "ci95_half": 0.0013916894921154092
        },
        "AveragedSGD": {
          "accuracy": {
            "mean": 0.7348931482705442,
            "ci95_half": 0.0016840689208858096,
            "min": 0.7310420797532496,
            "max": 0.739369905265477
          },
          "balanced_accuracy": {
            "mean": 0.5378202537619641,
            "ci95_half": 0.0160498009417674,
            "min": 0.46452679872415337,
            "max": 0.5495943217788088
          },
          "f1": {
            "mean": 0.2338349154122965,
            "ci95_half": 0.04900977068939937,
            "min": 0.009710363301523521,
            "max": 0.2684128319115704
          },
          "mean": 0.7348931482705442,
          "ci95_half": 0.0016840689208858096
        },
        "CountMin": {
          "accuracy": {
            "mean": 0.8008195637805683,
            "ci95_half": 0.001370432280672738,
            "min": 0.7974003084379819,
            "max": 0.8028200044062569
          },
          "balanced_accuracy": {
            "mean": 0.5600717754723459,
            "ci95_half": 0.02119350048685459,
            "min": 0.4990083252753759,
            "max": 0.5860605626779676
          },
          "f1": {
            "mean": 0.2280518799570801,
            "ci95_half": 0.07534205730366896,
            "min": 0.003036217740186511,
            "max": 0.31422505307855625
          },
          "mean": 0.8008195637805683,
          "ci95_half": 0.001370432280672738
        }
      },
      "base_rate": 0.20004406256884777,
      "majority_baseline": 0.7999559374311522,
      "majority_balanced_accuracy": 0.5,
      "majority_f1": 0.0,
      "threshold_sensitivity": {
        "q=0.70": {
          "threshold": 92.831400962,
          "positive_rate": 0.3000220312844239
        },
        "q=0.80": {
          "threshold": 95.53778903599999,
          "positive_rate": 0.2
        },
        "q=0.90": {
          "threshold": 99.03836353199999,
          "positive_rate": 0.10002203128442388
        }
      }
    }
  ],
  "binarisation": {
    "n_bits": 6,
    "features": [
      "hour-bucket-bit-0",
      "hour-bucket-bit-1",
      "hour-bucket-bit-2",
      "weekend",
      "trend-bit",
      "lag1-trend-bit"
    ],
    "target": "next-bin value >= 80th percentile",
    "forward_window_W": 20
  }
}